DISTANCE,TIME,SPEED
180.0,2.0,90.0
180.0,180.0,1.0
2.0,180.0,0.011111111111111112
18.0,180.0,0.1
2.0,170.0,0.011764705882352941
2.0,150.0,0.013333333333333334
2.0,140.0,0.014285714285714285
2.0,140.0,0.014285714285714285
120.0,2.0,60.0
120.0,2.0,60.0
